episode_id,layout_id,repeat_id,first_color,second_color,task,planned_order,status,accepted,notes
act_formal_000,L2,10,pink,cyan,"First pick up the pink cube and place it in the center target area, then pick up the cyan cube and place it in the center target area.",1,planned,,
act_formal_001,L1,1,pink,cyan,"First pick up the pink cube and place it in the center target area, then pick up the cyan cube and place it in the center target area.",2,planned,,
act_formal_002,L4,5,pink,cyan,"First pick up the pink cube and place it in the center target area, then pick up the cyan cube and place it in the center target area.",3,planned,,
act_formal_003,L5,8,pink,cyan,"First pick up the pink cube and place it in the center target area, then pick up the cyan cube and place it in the center target area.",4,planned,,
act_formal_004,L4,3,pink,cyan,"First pick up the pink cube and place it in the center target area, then pick up the cyan cube and place it in the center target area.",5,planned,,
act_formal_005,L5,2,pink,cyan,"First pick up the pink cube and place it in the center target area, then pick up the cyan cube and place it in the center target area.",6,planned,,
act_formal_006,L4,6,pink,cyan,"First pick up the pink cube and place it in the center target area, then pick up the cyan cube and place it in the center target area.",7,planned,,
act_formal_007,L1,5,pink,cyan,"First pick up the pink cube and place it in the center target area, then pick up the cyan cube and place it in the center target area.",8,planned,,
act_formal_008,L1,10,pink,cyan,"First pick up the pink cube and place it in the center target area, then pick up the cyan cube and place it in the center target area.",9,planned,,
act_formal_009,L2,6,pink,cyan,"First pick up the pink cube and place it in the center target area, then pick up the cyan cube and place it in the center target area.",10,planned,,
act_formal_010,L2,9,pink,cyan,"First pick up the pink cube and place it in the center target area, then pick up the cyan cube and place it in the center target area.",11,planned,,
act_formal_011,L3,5,pink,cyan,"First pick up the pink cube and place it in the center target area, then pick up the cyan cube and place it in the center target area.",12,planned,,
act_formal_012,L3,2,pink,cyan,"First pick up the pink cube and place it in the center target area, then pick up the cyan cube and place it in the center target area.",13,planned,,
act_formal_013,L5,6,pink,cyan,"First pick up the pink cube and place it in the center target area, then pick up the cyan cube and place it in the center target area.",14,planned,,
act_formal_014,L4,9,pink,cyan,"First pick up the pink cube and place it in the center target area, then pick up the cyan cube and place it in the center target area.",15,planned,,
act_formal_015,L4,10,pink,cyan,"First pick up the pink cube and place it in the center target area, then pick up the cyan cube and place it in the center target area.",16,planned,,
act_formal_016,L2,1,pink,cyan,"First pick up the pink cube and place it in the center target area, then pick up the cyan cube and place it in the center target area.",17,planned,,
act_formal_017,L3,7,pink,cyan,"First pick up the pink cube and place it in the center target area, then pick up the cyan cube and place it in the center target area.",18,planned,,
act_formal_018,L5,5,pink,cyan,"First pick up the pink cube and place it in the center target area, then pick up the cyan cube and place it in the center target area.",19,planned,,
act_formal_019,L2,5,pink,cyan,"First pick up the pink cube and place it in the center target area, then pick up the cyan cube and place it in the center target area.",20,planned,,
act_formal_020,L3,4,pink,cyan,"First pick up the pink cube and place it in the center target area, then pick up the cyan cube and place it in the center target area.",21,planned,,
act_formal_021,L4,2,pink,cyan,"First pick up the pink cube and place it in the center target area, then pick up the cyan cube and place it in the center target area.",22,planned,,
act_formal_022,L2,3,pink,cyan,"First pick up the pink cube and place it in the center target area, then pick up the cyan cube and place it in the center target area.",23,planned,,
act_formal_023,L5,7,pink,cyan,"First pick up the pink cube and place it in the center target area, then pick up the cyan cube and place it in the center target area.",24,planned,,
act_formal_024,L2,7,pink,cyan,"First pick up the pink cube and place it in the center target area, then pick up the cyan cube and place it in the center target area.",25,planned,,
act_formal_025,L3,3,pink,cyan,"First pick up the pink cube and place it in the center target area, then pick up the cyan cube and place it in the center target area.",26,planned,,
act_formal_026,L1,8,pink,cyan,"First pick up the pink cube and place it in the center target area, then pick up the cyan cube and place it in the center target area.",27,planned,,
act_formal_027,L5,1,pink,cyan,"First pick up the pink cube and place it in the center target area, then pick up the cyan cube and place it in the center target area.",28,planned,,
act_formal_028,L1,9,pink,cyan,"First pick up the pink cube and place it in the center target area, then pick up the cyan cube and place it in the center target area.",29,planned,,
act_formal_029,L2,8,pink,cyan,"First pick up the pink cube and place it in the center target area, then pick up the cyan cube and place it in the center target area.",30,planned,,
act_formal_030,L1,6,pink,cyan,"First pick up the pink cube and place it in the center target area, then pick up the cyan cube and place it in the center target area.",31,planned,,
act_formal_031,L4,4,pink,cyan,"First pick up the pink cube and place it in the center target area, then pick up the cyan cube and place it in the center target area.",32,planned,,
act_formal_032,L5,4,pink,cyan,"First pick up the pink cube and place it in the center target area, then pick up the cyan cube and place it in the center target area.",33,planned,,
act_formal_033,L4,8,pink,cyan,"First pick up the pink cube and place it in the center target area, then pick up the cyan cube and place it in the center target area.",34,planned,,
act_formal_034,L5,9,pink,cyan,"First pick up the pink cube and place it in the center target area, then pick up the cyan cube and place it in the center target area.",35,planned,,
act_formal_035,L1,4,pink,cyan,"First pick up the pink cube and place it in the center target area, then pick up the cyan cube and place it in the center target area.",36,planned,,
act_formal_036,L2,4,pink,cyan,"First pick up the pink cube and place it in the center target area, then pick up the cyan cube and place it in the center target area.",37,planned,,
act_formal_037,L5,10,pink,cyan,"First pick up the pink cube and place it in the center target area, then pick up the cyan cube and place it in the center target area.",38,planned,,
act_formal_038,L3,8,pink,cyan,"First pick up the pink cube and place it in the center target area, then pick up the cyan cube and place it in the center target area.",39,planned,,
act_formal_039,L2,2,pink,cyan,"First pick up the pink cube and place it in the center target area, then pick up the cyan cube and place it in the center target area.",40,planned,,
act_formal_040,L4,7,pink,cyan,"First pick up the pink cube and place it in the center target area, then pick up the cyan cube and place it in the center target area.",41,planned,,
act_formal_041,L1,2,pink,cyan,"First pick up the pink cube and place it in the center target area, then pick up the cyan cube and place it in the center target area.",42,planned,,
act_formal_042,L4,1,pink,cyan,"First pick up the pink cube and place it in the center target area, then pick up the cyan cube and place it in the center target area.",43,planned,,
act_formal_043,L3,9,pink,cyan,"First pick up the pink cube and place it in the center target area, then pick up the cyan cube and place it in the center target area.",44,planned,,
act_formal_044,L1,7,pink,cyan,"First pick up the pink cube and place it in the center target area, then pick up the cyan cube and place it in the center target area.",45,planned,,
act_formal_045,L3,6,pink,cyan,"First pick up the pink cube and place it in the center target area, then pick up the cyan cube and place it in the center target area.",46,planned,,
act_formal_046,L1,3,pink,cyan,"First pick up the pink cube and place it in the center target area, then pick up the cyan cube and place it in the center target area.",47,planned,,
act_formal_047,L5,3,pink,cyan,"First pick up the pink cube and place it in the center target area, then pick up the cyan cube and place it in the center target area.",48,planned,,
act_formal_048,L3,1,pink,cyan,"First pick up the pink cube and place it in the center target area, then pick up the cyan cube and place it in the center target area.",49,planned,,
act_formal_049,L3,10,pink,cyan,"First pick up the pink cube and place it in the center target area, then pick up the cyan cube and place it in the center target area.",50,planned,,
